#Threads,Time (ms)
1 49848.43333333333
2 28387.13333333333
4 18007.066666666666
8 11494.033333333333
16 11489.433333333334
